{
  "assetsByChunkName": {
    "vendors~app-account~app-checkout~app-confirmation~app-order": "chunk.f750f7b66d59292c712d.js",
    "vendors~app-account~app-confirmation~app-order": "chunk.3d337f422cb452c73604.js",
    "vendors~app-account~app-checkout": "chunk.6fb21965f352dd77ac1a.js",
    "vendors~app-cart~app-checkout": "chunk.2fd6e703076fe461941a.js",
    "admin": [
      "admin.60d0168e742480bbf5cf.js",
      "admin.60d0168e742480bbf5cf.js.map"
    ],
    "app-account": "chunk.9c97dfeb657d7dac0078.js",
    "app-checkout": "chunk.c596e5542c71a5a3f877.js",
    "app-confirmation": "chunk.a2af55ca8b02300b2bef.js",
    "app-order": "chunk.56076e9b0e6d30300ae0.js",
    "checkout": [
      "checkout.ad1ac70e602044de5aa5.js",
      "checkout.ad1ac70e602044de5aa5.js.map"
    ],
    "storefront": [
      "storefront.80e5ef820287a6cc0dc7.css",
      "storefront.53e5a317dd268cdaae61.js",
      "storefront.80e5ef820287a6cc0dc7.css.map",
      "storefront.53e5a317dd268cdaae61.js.map"
    ],
    "vendors~app-cart": "chunk.f3e732667e9fc3246244.js"
  }
}