{
  "meta_title": "Ademar Malhas",
  "meta_description": "",
  "sections": [
    {
      "type": "banner-slider",
      "autoplay": 9000,
      "full_width": true,
      "slides": [
        {
          "start": "2022-03-17T17:16:23.206Z",
          "end": "",
          "img": "/img/uploads/4.png",
          "mobile_img": "/img/uploads/ad-4-.png"
        },
        {
          "start": "",
          "end": "",
          "img": "/img/uploads/3.png",
          "mobile_img": "/img/uploads/banner-3.png"
        },
        {
          "start": "2022-05-04T12:37:14.231Z",
          "end": "2022-05-04T12:37:14.265Z",
          "img": "/img/uploads/2.png",
          "mobile_img": "/img/uploads/banner-2.png"
        },
        {
          "start": "2022-05-04T12:38:47.295Z",
          "end": "2022-05-04T12:38:47.335Z",
          "img": "/img/uploads/1.png",
          "mobile_img": "/img/uploads/banner-1.png"
        }
      ]
    },
    {
      "type": "info-bar",
      "enabled": true
    },
    {
      "type": "collection-shelf",
      "shuffle": true,
      "collection_id": "62012d6e7963422eeeeff8fe:categories:Blusa manga longa:/blusa-manga-longa",
      "sort": null,
      "title": "Você também vai gostar ",
      "headless": false,
      "limit": 12,
      "page": 1
    },
    {
      "type": "custom-content",
      "markdown": "# <center>CATEGORIAS</center>"
    },
    {
      "type": "banners-grid",
      "banners": [
        {
          "img": "/img/uploads/blusa.webp",
          "link": "https://ademarmalhastricot.com/blusa-manga-curta"
        },
        {
          "img": "/img/uploads/moda_praia.webp",
          "link": "https://ademarmalhastricot.com/moda-praia"
        },
        {
          "img": "/img/uploads/regata.webp",
          "link": "https://ademarmalhastricot.com/regata"
        },
        {
          "img": "/img/uploads/saia.webp",
          "link": "https://ademarmalhastricot.com/saia"
        },
        {
          "img": "/img/uploads/vestido.webp",
          "link": "https://ademarmalhastricot.com/vestido"
        },
        {
          "img": "/img/uploads/cropped.webp",
          "link": "https://ademarmalhastricot.com/cropped-manga-curta"
        }
      ]
    },
    {
      "type": "banners-grid",
      "banners": [
        {
          "img": "/img/uploads/casaqueto.webp",
          "link": "https://ademarmalhastricot.com/casaqueto"
        },
        {
          "img": "/img/uploads/colete.webp",
          "link": "https://ademarmalhastricot.com/colete"
        },
        {
          "img": "/img/uploads/cardigan.webp",
          "link": "https://ademarmalhastricot.com/cardigan"
        },
        {
          "img": "/img/uploads/casaco.webp",
          "link": "https://ademarmalhastricot.com/casaco"
        },
        {
          "img": "/img/uploads/blusa_manga_longa.webp",
          "link": "https://ademarmalhastricot.com/blusa-manga-longa"
        },
        {
          "img": "/img/uploads/poncho.webp",
          "link": "https://ademarmalhastricot.com/poncho"
        }
      ]
    },
    {
      "type": "banners-grid",
      "banners": [
        {
          "img": "/img/uploads/mini_vest.webp",
          "link": "https://ademarmalhastricot.com/mini-vest"
        },
        {
          "img": "/img/uploads/cropped_manga_longa.webp",
          "link": "https://ademarmalhastricot.com/cropped-manga-longa"
        },
        {
          "img": "/img/uploads/conjunto.webp",
          "link": "https://ademarmalhastricot.com/conjunto"
        },
        {
          "img": "/img/uploads/sobretudo.webp",
          "link": "https://ademarmalhastricot.com/sobretudo"
        },
        {
          "img": "/img/uploads/twinset.webp",
          "link": "https://ademarmalhastricot.com/twin-set"
        },
        {
          "img": "/img/uploads/vestido_manga_longa.webp",
          "link": "https://ademarmalhastricot.com/vestido-longo"
        }
      ]
    }
  ]
}